{"cameraMode":{"drawMode":0,"name":"Shaded","section":"Shading Mode"},"sceneLighting":true,"audioPlay":false,"sceneViewState":{"showFog":true,"showMaterialUpdate":false,"showSkybox":true,"showFlares":true,"showImageEffects":true,"showParticleSystems":true,"showVisualEffectGraphs":true,"m_FxEnabled":true},"in2DMode":false,"pivot":{"x":0.4164751172065735,"y":161.41712951660157,"z":16.5789737701416},"rotation":{"x":0.7248987555503845,"y":0.0020655174739658834,"z":-0.0021751399617642166,"w":0.6888413429260254},"size":0.8660253882408142,"orthographic":false}