{"cameraMode":{"drawMode":0,"name":"Shaded","section":"Shading Mode"},"sceneLighting":true,"audioPlay":false,"sceneViewState":{"showFog":true,"showMaterialUpdate":false,"showSkybox":true,"showFlares":true,"showImageEffects":true,"showParticleSystems":true,"showVisualEffectGraphs":true,"m_FxEnabled":true},"in2DMode":false,"pivot":{"x":310.2222900390625,"y":-18.318410873413087,"z":-426.1602783203125},"rotation":{"x":-0.14793984591960908,"y":-0.018642010167241098,"z":0.0026847077533602716,"w":-0.988875687122345},"size":108.9342269897461,"orthographic":false}